City_ID,City,Country,Date,Lat,Lng,Max Temp,Humidity,Cloudiness,Wind Speed,Weather
0,Rikitea,PF,2021-10-09 20:38:30,-23.1203,-134.9692,74.34,82,100,17.94,light rain
1,Khatanga,RU,2021-10-09 20:42:39,71.9667,102.5,17.64,96,100,1.23,light snow
2,Jamestown,US,2021-10-09 20:38:37,42.097,-79.2353,68.52,87,90,8.99,overcast clouds
3,Syracuse,IT,2021-10-09 20:42:40,37.0881,15.2792,65.89,66,11,4.85,few clouds
4,Kavieng,PG,2021-10-09 20:42:40,-2.5744,150.7967,80.96,80,89,8.61,light rain
5,East London,ZA,2021-10-09 20:42:36,-33.0153,27.9116,61.75,67,3,17.52,clear sky
6,Alice Springs,AU,2021-10-09 20:42:41,-23.7,133.8833,67.55,49,40,9.22,scattered clouds
7,Chokurdakh,RU,2021-10-09 20:42:41,70.6333,147.9167,1.38,100,96,5.06,overcast clouds
8,Hermanus,ZA,2021-10-09 20:42:41,-34.4187,19.2345,49.8,78,0,8.37,clear sky
9,Viesca,MX,2021-10-09 20:42:42,25.35,-102.8,89.96,17,0,3.47,clear sky
10,Takoradi,GH,2021-10-09 20:42:42,4.8845,-1.7554,77.65,90,100,9.19,overcast clouds
11,Albany,US,2021-10-09 20:42:02,42.6001,-73.9662,65.62,70,100,3.0,overcast clouds
12,Mataura,NZ,2021-10-09 20:42:43,-46.1927,168.8643,52.48,58,4,2.86,clear sky
13,Hithadhoo,MV,2021-10-09 20:41:45,-0.6,73.0833,82.78,70,100,9.57,overcast clouds
14,Provideniya,RU,2021-10-09 20:41:07,64.3833,-173.3,30.52,77,29,5.17,scattered clouds
15,Khandyga,RU,2021-10-09 20:42:43,62.6667,135.6,31.55,96,100,6.42,light snow
16,Bathsheba,BB,2021-10-09 20:41:12,13.2167,-59.5167,83.01,83,75,27.63,broken clouds
17,Hobyo,SO,2021-10-09 20:42:44,5.3505,48.5268,78.3,86,48,15.01,scattered clouds
18,Talnakh,RU,2021-10-09 20:42:44,69.4865,88.3972,14.29,93,47,10.42,scattered clouds
19,Kapaa,US,2021-10-09 20:42:44,22.0752,-159.319,82.38,70,75,5.99,broken clouds
20,Nabire,ID,2021-10-09 20:42:45,-3.3667,135.4833,76.82,92,100,2.24,overcast clouds
21,Lourdes,FR,2021-10-09 20:42:45,43.1,-0.05,56.68,88,90,3.44,overcast clouds
22,Ushuaia,AR,2021-10-09 20:42:45,-54.8,-68.3,51.46,66,40,6.91,light rain
23,Ribeira Grande,PT,2021-10-09 20:42:46,38.5167,-28.7,72.0,78,20,18.41,few clouds
24,Bell Ville,AR,2021-10-09 20:42:46,-32.6259,-62.6887,75.67,30,5,11.25,clear sky
25,Barrow,US,2021-10-09 20:40:02,71.2906,-156.7887,30.22,74,90,5.75,overcast clouds
26,Kidal,ML,2021-10-09 20:42:46,18.4411,1.4078,86.49,9,4,10.78,clear sky
27,Port Alfred,ZA,2021-10-09 20:42:47,-33.5906,26.891,60.67,72,5,17.85,clear sky
28,Leningradskiy,RU,2021-10-09 20:42:47,69.3833,178.4167,17.15,94,99,4.38,overcast clouds
29,Sao Filipe,CV,2021-10-09 20:42:47,14.8961,-24.4956,80.69,73,3,10.11,clear sky
30,Punta Arenas,CL,2021-10-09 20:39:32,-53.15,-70.9167,57.31,51,40,25.32,light rain
31,Cabo San Lucas,MX,2021-10-09 20:42:48,22.8909,-109.9124,99.52,59,1,3.0,clear sky
32,Livingston,GB,2021-10-09 20:42:48,55.9029,-3.5226,56.48,93,0,8.05,clear sky
33,Avarua,CK,2021-10-09 20:42:49,-21.2078,-159.775,77.05,65,20,8.05,few clouds
34,Lagoa,PT,2021-10-09 20:42:49,39.05,-27.9833,69.49,78,77,20.42,broken clouds
35,Sinnamary,GF,2021-10-09 20:42:49,5.3833,-52.95,82.44,76,100,11.52,overcast clouds
36,Bluff,NZ,2021-10-09 20:42:50,-46.6,168.3333,52.81,76,77,8.79,broken clouds
37,Fort Portal,UG,2021-10-09 20:42:50,0.6617,30.2748,59.67,97,92,3.69,light rain
38,Lysyye Gory,RU,2021-10-09 20:42:50,51.5506,44.8414,43.86,66,0,6.35,clear sky
39,Tuktoyaktuk,CA,2021-10-09 20:42:51,69.4541,-133.0374,32.0,93,90,6.91,overcast clouds
40,Bethel,US,2021-10-09 20:42:51,41.3712,-73.414,65.35,82,90,1.99,overcast clouds
41,Vaini,TO,2021-10-09 20:42:52,-21.2,-175.2,77.16,83,20,3.44,few clouds
42,Gorontalo,ID,2021-10-09 20:42:52,0.5412,123.0595,75.49,94,100,2.19,overcast clouds
43,Atuona,PF,2021-10-09 20:42:52,-9.8,-139.0333,78.08,72,8,18.59,clear sky
44,Thompson,CA,2021-10-09 20:42:53,55.7435,-97.8558,51.96,46,20,8.05,few clouds
45,Isangel,VU,2021-10-09 20:42:53,-19.55,169.2667,75.31,73,30,5.75,scattered clouds
46,Yulara,AU,2021-10-09 20:42:53,-25.2406,130.9889,60.64,72,100,16.11,overcast clouds
47,Pisco,PE,2021-10-09 20:42:53,-13.7,-76.2167,67.01,72,0,9.22,clear sky
48,Kupang,ID,2021-10-09 20:42:54,-10.1667,123.5833,75.96,82,59,4.0,broken clouds
49,Kaitangata,NZ,2021-10-09 20:42:54,-46.2817,169.8464,52.05,63,2,2.84,clear sky
50,Sisimiut,GL,2021-10-09 20:42:01,66.9395,-53.6735,33.1,65,100,11.25,overcast clouds
51,Ostrovnoy,RU,2021-10-09 20:42:55,68.0531,39.5131,36.21,97,100,14.92,overcast clouds
52,Torbay,CA,2021-10-09 20:42:55,47.6666,-52.7314,45.57,88,75,26.46,light intensity shower rain
53,Narsaq,GL,2021-10-09 20:42:55,60.9167,-46.05,35.82,58,3,3.29,clear sky
54,Xichang,CN,2021-10-09 20:42:56,27.8964,102.2634,62.17,90,94,3.2,overcast clouds
55,Hilo,US,2021-10-09 20:40:17,19.7297,-155.09,79.79,85,75,18.41,moderate rain
56,Bambous Virieux,MU,2021-10-09 20:42:56,-20.3428,57.7575,72.21,88,75,13.8,light intensity shower rain
57,Port Lincoln,AU,2021-10-09 20:42:57,-34.7333,135.8667,52.23,60,100,9.33,overcast clouds
58,Hobart,AU,2021-10-09 20:42:57,-42.8794,147.3294,47.05,69,20,3.0,few clouds
59,Calabar,NG,2021-10-09 20:42:57,4.9517,8.322,74.82,96,100,1.81,overcast clouds
60,Chilliwack,CA,2021-10-09 20:42:43,49.1747,-121.9443,57.83,79,100,0.0,overcast clouds
61,Nuevo Laredo,MX,2021-10-09 20:40:51,27.4763,-99.5164,96.78,31,1,6.91,clear sky
62,Grand Gaube,MU,2021-10-09 20:42:58,-20.0064,57.6608,72.37,73,1,10.0,clear sky
63,Anuradhapura,LK,2021-10-09 20:42:59,8.3565,80.4173,77.52,87,100,9.04,overcast clouds
64,Borba,BR,2021-10-09 20:42:59,-4.3878,-59.5939,87.4,57,61,1.72,broken clouds
65,Busselton,AU,2021-10-09 20:41:09,-33.65,115.3333,41.09,79,93,7.76,overcast clouds
66,Port Hardy,CA,2021-10-09 20:42:20,50.6996,-127.4199,50.18,93,90,6.91,moderate rain
67,Klaksvik,FO,2021-10-09 20:42:59,62.2266,-6.589,50.92,84,63,21.61,broken clouds
68,El Dorado,US,2021-10-09 20:43:00,38.7666,-120.5177,66.42,39,0,1.99,clear sky
69,Kembe,CF,2021-10-09 20:43:00,4.6228,21.8865,72.1,98,100,2.06,moderate rain
70,Cape Town,ZA,2021-10-09 20:40:33,-33.9258,18.4232,61.11,61,0,10.36,clear sky
71,Kambove,CD,2021-10-09 20:43:01,-10.8764,26.5969,72.66,33,16,3.51,few clouds
72,Clyde River,CA,2021-10-09 20:42:55,70.4692,-68.5914,34.7,75,100,12.84,overcast clouds
73,Puerto Ayora,EC,2021-10-09 20:40:25,-0.7393,-90.3518,78.76,85,90,7.0,overcast clouds
74,Upernavik,GL,2021-10-09 20:43:02,72.7868,-56.1549,31.42,53,99,13.31,overcast clouds
75,Saint-Augustin,CA,2021-10-09 20:42:25,51.226,-58.6502,47.23,50,10,5.28,clear sky
76,Galle,LK,2021-10-09 20:43:02,6.0367,80.217,80.24,83,100,11.61,overcast clouds
77,Iqaluit,CA,2021-10-09 20:43:03,63.7506,-68.5145,35.33,93,90,4.0,overcast clouds
78,Campo Formoso,BR,2021-10-09 20:43:03,-10.5075,-40.3214,81.19,32,70,5.84,broken clouds
79,Namibe,AO,2021-10-09 20:38:27,-15.1961,12.1522,65.44,77,4,3.76,clear sky
80,Dingle,PH,2021-10-09 20:43:03,10.9995,122.6711,74.82,95,100,10.38,overcast clouds
81,Luderitz,NA,2021-10-09 20:43:04,-26.6481,15.1594,63.54,58,68,17.31,broken clouds
82,Moose Factory,CA,2021-10-09 20:43:04,51.2585,-80.6094,69.8,83,75,8.05,broken clouds
83,Yellowknife,CA,2021-10-09 20:38:13,62.456,-114.3525,44.42,99,90,3.0,light rain
84,Alofi,NU,2021-10-09 20:43:05,-19.0595,-169.9187,78.69,83,75,5.75,broken clouds
85,Georgetown,MY,2021-10-09 20:43:05,5.4112,100.3354,79.9,92,20,1.99,few clouds
86,Zhangye,CN,2021-10-09 20:43:05,38.9342,100.4517,37.72,26,0,2.75,clear sky
87,Ponta Do Sol,PT,2021-10-09 20:43:06,32.6667,-17.1,72.23,72,24,5.35,few clouds
88,Chute-Aux-Outardes,CA,2021-10-09 20:43:06,49.1168,-68.399,54.41,71,1,6.91,clear sky
89,Sulangan,PH,2021-10-09 20:43:07,11.1373,123.7228,82.22,78,100,25.43,light rain
90,Mollendo,PE,2021-10-09 20:43:07,-17.0231,-72.0147,63.5,88,88,10.04,overcast clouds
91,Atherton,GB,2021-10-09 20:43:07,53.5237,-2.4935,60.3,92,100,1.01,overcast clouds
92,Saint-Francois,FR,2021-10-09 20:43:08,46.4154,3.9054,51.24,93,75,1.14,broken clouds
93,Male,MV,2021-10-09 20:43:08,4.1748,73.5089,84.15,84,75,11.5,broken clouds
94,Ambunti,PG,2021-10-09 20:43:08,-4.2365,142.8448,74.91,99,97,0.89,overcast clouds
95,Maumere,ID,2021-10-09 20:43:09,-8.6199,122.2111,77.9,82,32,5.1,scattered clouds
96,Shubarshi,KZ,2021-10-09 20:43:09,48.5872,57.1869,45.3,45,0,7.16,clear sky
97,Fort Nelson,CA,2021-10-09 20:41:19,58.8053,-122.7002,54.99,35,20,6.91,few clouds
98,Gdansk,PL,2021-10-09 20:41:28,54.3521,18.6464,43.09,93,83,1.14,broken clouds
99,Porto Walter,BR,2021-10-09 20:43:10,-8.2686,-72.7439,92.52,43,100,1.79,overcast clouds
100,Olafsvik,IS,2021-10-09 20:43:10,64.8945,-23.7142,41.77,85,81,17.29,broken clouds
101,Bengkulu,ID,2021-10-09 20:43:10,-3.8004,102.2655,76.69,92,25,5.48,scattered clouds
102,Maragogi,BR,2021-10-09 20:39:40,-9.0122,-35.2225,75.85,75,60,7.96,broken clouds
103,Maymyo,MM,2021-10-09 20:43:11,22.0333,96.4667,66.31,93,29,1.05,scattered clouds
104,Badvel,IN,2021-10-09 20:43:11,14.75,79.05,77.72,84,100,3.42,overcast clouds
105,Airai,TL,2021-10-09 20:43:12,-8.9266,125.4092,58.75,53,96,1.77,overcast clouds
106,Kalabo,ZM,2021-10-09 20:43:12,-14.97,22.6814,84.85,21,85,1.19,overcast clouds
107,Souillac,MU,2021-10-09 20:43:13,-20.5167,57.5167,72.36,88,75,13.8,light intensity shower rain
108,Tuatapere,NZ,2021-10-09 20:43:13,-46.1333,167.6833,52.83,58,45,5.1,light rain
109,Aitape,PG,2021-10-09 20:43:13,-3.1374,142.3475,79.18,85,36,3.89,scattered clouds
110,Am Timan,TD,2021-10-09 20:43:14,11.0297,20.2827,80.62,51,100,3.71,overcast clouds
111,Emerald,AU,2021-10-09 20:42:29,-23.5333,148.1667,71.98,72,23,6.91,few clouds
112,Longyearbyen,SJ,2021-10-09 20:39:33,78.2186,15.6401,17.44,79,20,8.05,few clouds
113,Misratah,LY,2021-10-09 20:43:15,32.3754,15.0925,74.86,63,65,14.29,broken clouds
114,Tangzhai,CN,2021-10-09 20:43:15,34.4328,116.5911,62.31,89,99,12.03,light rain
115,Angola,AO,2021-10-09 20:43:16,-12.5,18.5,70.99,37,42,2.73,scattered clouds
116,Victoria,HK,2021-10-09 20:39:42,22.2855,114.1577,80.26,95,100,8.99,moderate rain
117,Kodiak,US,2021-10-09 20:40:23,57.79,-152.4072,49.51,46,90,16.11,overcast clouds
118,Coihueco,CL,2021-10-09 20:43:16,-36.6167,-71.8333,68.74,60,20,12.66,few clouds
119,Broome,US,2021-10-09 20:43:16,42.2506,-75.833,68.02,64,90,1.99,overcast clouds
120,Seoul,KR,2021-10-09 20:43:17,37.5683,126.9778,69.4,88,90,5.75,overcast clouds
121,Atikokan,CA,2021-10-09 20:43:17,48.7555,-91.6216,63.91,79,100,6.02,overcast clouds
122,Saldanha,ZA,2021-10-09 20:43:18,-33.0117,17.9442,57.25,78,0,14.92,clear sky
123,Nuqui,CO,2021-10-09 20:43:18,5.7125,-77.2708,78.01,90,99,5.97,light rain
124,Mahebourg,MU,2021-10-09 20:43:18,-20.4081,57.7,72.25,88,75,13.8,light intensity shower rain
125,Eureka,US,2021-10-09 20:43:19,40.8021,-124.1637,67.19,59,5,5.01,clear sky
126,Margate,GB,2021-10-09 20:43:19,51.3813,1.3862,55.69,72,6,5.35,clear sky
127,Port Elizabeth,ZA,2021-10-09 20:43:19,-33.918,25.5701,58.1,73,4,13.76,clear sky
128,Saint-Georges,GD,2021-10-09 20:39:12,12.0564,-61.7485,83.88,84,20,13.8,few clouds
129,Cidreira,BR,2021-10-09 20:43:20,-30.1811,-50.2056,63.75,86,100,19.42,overcast clouds
130,Pudozh,RU,2021-10-09 20:43:20,61.8099,36.5345,48.96,99,100,4.88,light rain
131,Yar-Sale,RU,2021-10-09 20:43:20,66.8333,70.8333,28.72,84,18,16.22,few clouds
132,Tromso,NO,2021-10-09 20:42:02,69.6496,18.957,46.42,93,75,1.01,light rain
133,Formiga,BR,2021-10-09 20:43:21,-20.4644,-45.4264,70.9,84,72,3.4,broken clouds
134,Kununurra,AU,2021-10-09 20:43:21,-15.7667,128.7333,75.18,69,19,3.44,few clouds
135,Castro,BR,2021-10-09 20:43:22,-24.7911,-50.0119,56.59,99,100,4.76,overcast clouds
136,Sistranda,NO,2021-10-09 20:43:22,63.7256,8.834,56.89,92,100,16.49,overcast clouds
137,Matara,LK,2021-10-09 20:43:22,5.9485,80.5353,79.21,86,100,11.16,overcast clouds
138,Stornoway,GB,2021-10-09 20:43:23,58.2093,-6.3865,53.92,93,60,6.91,broken clouds
139,Havoysund,NO,2021-10-09 20:43:23,70.9963,24.6622,43.68,91,100,3.89,light rain
140,Yeppoon,AU,2021-10-09 20:43:23,-23.1333,150.7333,64.18,71,5,9.35,clear sky
141,Zeya,RU,2021-10-09 20:43:24,53.75,127.2667,39.54,71,100,12.06,overcast clouds
142,Pangai,TO,2021-10-09 20:43:24,-19.8,-174.35,76.71,77,92,11.1,overcast clouds
143,Bogorodskoye,RU,2021-10-09 20:43:24,56.55,37.8833,39.63,75,45,4.76,scattered clouds
144,Faanui,PF,2021-10-09 20:38:52,-16.4833,-151.75,78.3,70,9,5.3,clear sky
145,Puerto Madryn,AR,2021-10-09 20:43:25,-42.7692,-65.0385,72.39,27,0,16.15,clear sky
146,Luleburgaz,TR,2021-10-09 20:43:00,41.4039,27.3592,60.17,81,100,15.73,overcast clouds
147,Zarubino,RU,2021-10-09 20:43:25,42.63,131.0922,64.96,95,100,23.85,overcast clouds
148,Vardo,NO,2021-10-09 20:41:01,70.3705,31.1107,39.36,95,100,8.08,overcast clouds
149,Saint-Philippe,RE,2021-10-09 20:43:26,-21.3585,55.7679,71.19,85,44,15.66,light rain
150,Kruisfontein,ZA,2021-10-09 20:43:26,-34.0033,24.7314,55.89,80,3,10.54,clear sky
151,Turka,UA,2021-10-09 20:43:27,49.1541,23.0297,37.26,70,4,3.31,clear sky
152,Diapaga,BF,2021-10-09 20:43:27,12.0708,1.7889,85.82,44,92,6.15,overcast clouds
153,San Jose,US,2021-10-09 20:38:40,37.3394,-121.895,74.44,45,20,1.99,few clouds
154,Tasiilaq,GL,2021-10-09 20:42:15,65.6145,-37.6368,33.96,88,10,4.29,clear sky
155,Fortuna,US,2021-10-09 20:43:28,40.5982,-124.1573,70.2,57,5,1.99,clear sky
156,Bredasdorp,ZA,2021-10-09 20:43:28,-34.5322,20.0403,49.28,85,0,2.08,clear sky
157,Honiara,SB,2021-10-09 20:43:28,-9.4333,159.95,80.56,84,100,2.04,overcast clouds
158,Coihaique,CL,2021-10-09 20:43:29,-45.5752,-72.0662,62.55,42,20,9.22,few clouds
159,Kahului,US,2021-10-09 20:43:29,20.8947,-156.47,81.66,84,75,23.02,light rain
160,Praia Da Vitoria,PT,2021-10-09 20:43:29,38.7333,-27.0667,70.75,81,52,16.02,broken clouds
161,Portobelo,PA,2021-10-09 20:43:30,9.55,-79.65,85.62,77,34,5.93,scattered clouds
162,Bulgan,MN,2021-10-09 20:42:58,48.8125,103.5347,31.01,57,0,4.63,clear sky
163,Tiksi,RU,2021-10-09 20:43:30,71.6872,128.8694,16.14,89,75,3.44,broken clouds
164,Suez,EG,2021-10-09 20:43:31,29.9737,32.5263,69.82,84,0,10.58,clear sky
165,Cherskiy,RU,2021-10-09 20:42:09,68.75,161.3,9.28,96,99,5.23,overcast clouds
166,Mayo,US,2021-10-09 20:43:31,38.8876,-76.5119,73.36,76,90,15.01,overcast clouds
167,Hovd,MN,2021-10-09 20:43:32,48.0056,91.6419,31.24,40,0,1.95,clear sky
168,Farafangana,MG,2021-10-09 20:43:32,-22.8167,47.8333,68.83,78,3,10.09,clear sky
169,Kashary,RU,2021-10-09 20:43:33,49.04,41.0056,45.63,50,100,7.38,light rain
170,Kampong Thum,KH,2021-10-09 20:43:33,12.7111,104.8887,75.47,94,98,1.43,overcast clouds
171,Lebu,CL,2021-10-09 20:38:50,-37.6167,-73.65,56.52,75,0,9.08,clear sky
172,Taltal,CL,2021-10-09 20:43:33,-25.4,-70.4833,62.44,60,21,8.01,few clouds
173,Zacatepec,MX,2021-10-09 20:43:34,18.65,-99.2,86.77,54,48,0.76,scattered clouds
174,Yamada,JP,2021-10-09 20:43:34,39.4667,141.95,61.09,90,58,10.8,broken clouds
175,Vilhena,BR,2021-10-09 20:43:34,-12.7406,-60.1458,89.82,48,40,12.66,scattered clouds
176,Loralai,PK,2021-10-09 20:43:35,30.3705,68.598,68.32,15,0,5.3,clear sky
177,Grimstad,NO,2021-10-09 20:43:35,58.3405,8.5934,53.51,88,47,9.46,scattered clouds
178,La Belgica,BO,2021-10-09 20:43:36,-17.55,-63.2167,97.68,46,75,12.66,broken clouds
179,Lappeenranta,FI,2021-10-09 20:43:36,61.0587,28.1887,52.81,98,90,3.44,overcast clouds
180,Timra,SE,2021-10-09 20:43:36,62.487,17.3257,49.68,100,90,3.44,fog
181,Sagua La Grande,CU,2021-10-09 20:43:37,22.8067,-80.0756,90.59,76,100,9.62,overcast clouds
182,Komsomolskiy,UZ,2021-10-09 20:43:37,40.4272,71.7189,52.52,58,75,9.22,broken clouds
183,Hualmay,PE,2021-10-09 20:43:37,-11.0964,-77.6139,66.51,80,54,10.38,broken clouds
184,La Serena,CL,2021-10-09 20:43:38,-29.9078,-71.2542,62.11,48,20,13.8,few clouds
185,Makakilo City,US,2021-10-09 20:43:38,21.3469,-158.0858,82.72,66,90,10.36,light rain
186,New Norfolk,AU,2021-10-09 20:43:39,-42.7826,147.0587,46.71,62,49,1.99,scattered clouds
187,Buin,CL,2021-10-09 20:43:39,-33.7333,-70.75,74.05,47,13,11.14,few clouds
188,Phan Thiet,VN,2021-10-09 20:43:39,10.9333,108.1,76.66,92,100,8.72,moderate rain
189,Constitucion,CL,2021-10-09 20:43:40,-35.3333,-72.4167,56.77,77,34,7.11,scattered clouds
190,Sainte-Maxime,FR,2021-10-09 20:43:40,43.3,6.6333,66.22,73,100,11.39,overcast clouds
191,Obigarm,TJ,2021-10-09 20:43:41,38.7173,69.7088,42.15,42,79,2.66,broken clouds
192,Jiexiu,CN,2021-10-09 20:43:41,37.0244,111.9125,47.73,57,97,1.48,overcast clouds
193,Kavaratti,IN,2021-10-09 20:43:41,10.5669,72.642,82.2,80,99,10.63,overcast clouds
194,Iquique,CL,2021-10-09 20:40:44,-20.2208,-70.1431,62.64,77,26,9.73,scattered clouds
195,Nangan,PH,2021-10-09 20:43:42,6.4726,126.1244,83.98,68,100,17.52,overcast clouds
196,Arraial Do Cabo,BR,2021-10-09 20:43:42,-22.9661,-42.0278,69.76,68,90,16.11,overcast clouds
197,Carnarvon,AU,2021-10-09 20:43:43,-24.8667,113.6333,60.87,63,0,13.8,clear sky
198,Karratha,AU,2021-10-09 20:43:43,-20.7377,116.8463,74.48,24,0,11.74,clear sky
199,Wang Saphung,TH,2021-10-09 20:43:43,17.301,101.7685,73.36,91,100,2.66,overcast clouds
200,Nikolskoye,RU,2021-10-09 20:43:44,59.7035,30.7861,54.88,85,99,5.77,overcast clouds
201,Vao,NC,2021-10-09 20:43:44,-22.6667,167.4833,69.51,62,56,15.21,broken clouds
202,Kandrian,PG,2021-10-09 20:43:44,-6.2167,149.55,77.76,89,100,4.65,light rain
203,Sur,OM,2021-10-09 20:43:45,22.5667,59.5289,83.71,50,5,7.61,clear sky
204,Ishigaki,JP,2021-10-09 20:43:45,24.3448,124.1572,82.78,79,0,21.07,clear sky
205,Itarema,BR,2021-10-09 20:43:45,-2.9248,-39.9167,80.19,76,92,17.76,overcast clouds
206,Charters Towers,AU,2021-10-09 20:43:46,-20.1,146.2667,68.88,84,27,11.05,scattered clouds
207,Mosjoen,NO,2021-10-09 20:43:46,65.836,13.1908,53.6,95,100,11.88,light rain
208,Yumen,CN,2021-10-09 20:43:47,40.2833,97.2,34.23,28,0,6.02,clear sky
209,Mar Del Plata,AR,2021-10-09 20:40:24,-38.0023,-57.5575,55.42,61,0,15.99,clear sky
210,Chuy,UY,2021-10-09 20:39:22,-33.6971,-53.4616,59.58,73,17,9.82,few clouds
211,Tsabong,BW,2021-10-09 20:43:47,-26.0217,22.401,62.67,23,44,11.74,scattered clouds
212,Sarangani,PH,2021-10-09 20:43:48,5.4033,125.4636,84.33,76,100,19.08,overcast clouds
213,Road Town,VG,2021-10-09 20:43:48,18.4167,-64.6167,87.84,58,20,9.22,few clouds
214,Plaza De Caisan,PA,2021-10-09 20:43:48,8.7333,-82.8167,78.89,90,79,3.44,broken clouds
215,Prainha,BR,2021-10-09 20:43:49,-1.8,-53.48,91.08,41,25,3.24,scattered clouds
216,Huaral,PE,2021-10-09 20:43:49,-11.495,-77.2078,62.53,73,50,7.61,scattered clouds
217,Vangaindrano,MG,2021-10-09 20:43:49,-23.35,47.6,66.58,83,16,6.73,few clouds
218,Chara,RU,2021-10-09 20:43:50,56.9064,118.2631,29.25,63,11,1.57,few clouds
219,Boyolangu,ID,2021-10-09 20:43:50,-8.1181,111.8935,73.67,95,90,3.53,overcast clouds
220,Walvis Bay,NA,2021-10-09 20:43:40,-22.9575,14.5053,58.15,82,0,6.91,clear sky
221,Cairns,AU,2021-10-09 20:43:51,-16.9167,145.7667,75.15,86,75,5.75,broken clouds
222,Samarai,PG,2021-10-09 20:43:51,-10.6167,150.6667,79.21,81,86,16.28,overcast clouds
223,Butaritari,KI,2021-10-09 20:43:51,3.0707,172.7902,82.45,66,100,12.3,overcast clouds
224,San Matias,BO,2021-10-09 20:43:52,-16.3667,-58.4,96.6,32,73,4.09,broken clouds
225,Port Hedland,AU,2021-10-09 20:43:52,-20.3167,118.5667,66.25,48,0,10.36,clear sky
226,Homberg,DE,2021-10-09 20:43:52,51.0333,9.4,46.92,87,44,2.3,scattered clouds
227,Qandala,SO,2021-10-09 20:43:53,11.472,49.8728,84.63,73,11,2.71,few clouds
228,Chililabombwe,ZM,2021-10-09 20:40:13,-12.3648,27.8229,77.31,30,48,6.69,scattered clouds
229,Saskylakh,RU,2021-10-09 20:41:40,71.9167,114.0833,7.66,99,100,3.22,overcast clouds
230,Dunedin,NZ,2021-10-09 20:42:17,-45.8742,170.5036,55.8,68,2,5.01,clear sky
231,Meulaboh,ID,2021-10-09 20:43:54,4.1363,96.1285,76.57,87,90,5.95,overcast clouds
232,Severo-Yeniseyskiy,RU,2021-10-09 20:43:54,60.3725,93.0408,28.36,88,100,14.41,overcast clouds
233,Merauke,ID,2021-10-09 20:43:54,-8.4667,140.3333,77.94,88,100,8.48,overcast clouds
234,Arman,RU,2021-10-09 20:43:55,59.7,150.1667,27.55,57,4,5.39,clear sky
235,Nanortalik,GL,2021-10-09 20:43:28,60.1432,-45.2371,36.36,82,6,6.62,clear sky
236,Ulaangom,MN,2021-10-09 20:43:55,49.9811,92.0667,32.05,59,0,3.13,clear sky
237,Kamenka,RU,2021-10-09 20:43:56,51.3223,42.7678,41.7,66,36,6.51,scattered clouds
238,Deori Khas,IN,2021-10-09 20:43:56,23.4,79.0167,71.8,65,41,3.85,scattered clouds
239,Dzhebariki-Khaya,RU,2021-10-09 20:43:57,62.2167,135.8,31.59,94,100,6.76,overcast clouds
240,Ismailia,EG,2021-10-09 20:41:41,30.6043,32.2723,70.36,74,0,7.58,clear sky
241,Llangefni,GB,2021-10-09 20:43:57,53.2556,-4.3106,59.65,94,75,5.75,broken clouds
242,Soyo,AO,2021-10-09 20:43:57,-6.1349,12.3689,76.62,82,55,8.16,broken clouds
243,Darhan,MN,2021-10-09 20:42:16,49.4867,105.9228,33.66,60,1,6.82,clear sky
244,Qaanaaq,GL,2021-10-09 20:43:58,77.484,-69.3632,28.26,80,100,13.51,overcast clouds
245,Chengde,CN,2021-10-09 20:43:58,40.9725,117.9361,49.06,52,44,12.03,scattered clouds
246,Pangody,RU,2021-10-09 20:43:59,65.85,74.4859,26.71,81,74,14.9,broken clouds
247,Jahanabad,IN,2021-10-09 20:43:59,25.2167,84.9833,75.04,75,4,4.47,clear sky
248,Concepcion Del Oro,MX,2021-10-09 20:44:00,24.6333,-101.4167,76.53,25,0,3.06,clear sky
249,Wuda,CN,2021-10-09 20:44:00,39.4994,106.7117,39.72,29,8,3.13,clear sky
250,Marrakesh,MA,2021-10-09 20:44:00,31.6315,-8.0083,78.87,50,0,10.36,clear sky
251,Scottsbluff,US,2021-10-09 20:44:01,41.8666,-103.6672,71.83,31,20,10.0,few clouds
252,Kirakira,SB,2021-10-09 20:44:02,-10.4544,161.9205,80.01,82,100,1.97,overcast clouds
253,Esperance,AU,2021-10-09 20:43:27,-33.8667,121.9,49.84,59,100,5.23,overcast clouds
254,Suntar,RU,2021-10-09 20:44:02,62.1444,117.6319,36.91,96,100,11.34,overcast clouds
255,Aklavik,CA,2021-10-09 20:41:24,68.2191,-135.0107,32.0,86,75,6.91,broken clouds
256,Byron Bay,AU,2021-10-09 20:44:03,-28.65,153.6167,73.06,79,8,14.07,clear sky
257,Ganzhou,CN,2021-10-09 20:44:03,28.8184,115.4327,72.61,90,100,4.74,overcast clouds
258,Ancud,CL,2021-10-09 20:41:44,-41.8697,-73.8203,63.93,77,1,6.85,clear sky
259,Riyadh,SA,2021-10-09 20:41:56,24.6877,46.7219,80.74,16,0,5.35,clear sky
260,Shingu,JP,2021-10-09 20:39:15,33.7333,135.9833,71.38,90,36,6.62,scattered clouds
261,Viedma,AR,2021-10-09 20:40:28,-40.8135,-62.9967,78.3,22,0,12.1,clear sky
262,Padang,ID,2021-10-09 20:44:04,-0.9492,100.3543,75.25,90,26,4.23,scattered clouds
263,Linxia,CN,2021-10-09 20:44:04,35.6003,103.2064,34.43,96,100,1.57,light rain
264,Pringsewu,ID,2021-10-09 20:44:05,-5.3582,104.9744,74.48,96,41,2.91,scattered clouds
265,Necochea,AR,2021-10-09 20:44:05,-38.5473,-58.7368,65.03,69,0,11.56,clear sky
266,Nuevo Progreso,MX,2021-10-09 20:44:06,23.1667,-97.95,91.6,50,29,1.99,scattered clouds
267,Lakatoro,VU,2021-10-09 20:44:06,-16.0999,167.4164,79.14,78,54,15.41,broken clouds
268,Edgewater,US,2021-10-09 20:44:07,28.9889,-80.9023,88.21,64,3,11.01,clear sky
269,High Prairie,CA,2021-10-09 20:44:07,55.4334,-116.4858,56.5,39,100,16.02,overcast clouds
270,Alyangula,AU,2021-10-09 20:44:07,-13.8483,136.4192,71.47,88,53,0.0,broken clouds
271,Hasaki,JP,2021-10-09 20:44:08,35.7333,140.8333,66.6,83,19,4.63,few clouds
272,Correntina,BR,2021-10-09 20:44:08,-13.3433,-44.6367,89.35,28,39,9.35,scattered clouds
273,Fairbanks,US,2021-10-09 20:44:08,64.8378,-147.7164,39.6,89,75,0.0,broken clouds
274,Abha,SA,2021-10-09 20:44:09,18.2164,42.5053,67.82,32,0,14.97,clear sky
275,Crestview,US,2021-10-09 20:44:09,30.7621,-86.5705,88.52,51,1,5.99,clear sky
276,Sterling,US,2021-10-09 20:41:39,39.0062,-77.4286,72.16,80,90,5.01,overcast clouds
277,Beyneu,KZ,2021-10-09 20:44:10,45.3167,55.2,49.06,47,0,7.81,clear sky
278,Johvi,EE,2021-10-09 20:44:10,59.3592,27.4211,49.51,78,100,8.68,overcast clouds
279,Huilong,CN,2021-10-09 20:44:10,31.8111,121.655,77.99,93,0,8.95,clear sky
280,Ponta Delgada,PT,2021-10-09 20:44:11,37.7333,-25.6667,70.52,78,40,11.5,scattered clouds
281,Naberera,TZ,2021-10-09 20:44:11,-4.2,36.9333,64.06,75,10,9.6,clear sky
282,Buloh Kasap,MY,2021-10-09 20:44:11,2.5536,102.764,78.71,85,100,2.08,overcast clouds
283,Fort-Shevchenko,KZ,2021-10-09 20:44:12,44.5086,50.263,50.31,56,6,7.16,clear sky
284,Sladkovo,RU,2021-10-09 20:44:12,55.5284,70.3385,42.33,74,100,8.88,overcast clouds
285,Tabuk,PH,2021-10-09 20:44:13,17.4189,121.4443,72.91,92,98,2.08,overcast clouds
286,San Juan,AR,2021-10-09 20:44:13,-31.5375,-68.5364,61.74,39,78,13.24,broken clouds
287,Zhezkazgan,KZ,2021-10-09 20:44:13,47.8043,67.7144,44.83,47,96,6.71,overcast clouds
288,Dalvik,IS,2021-10-09 20:44:14,65.9702,-18.5286,40.93,99,100,6.85,overcast clouds
289,Bilibino,RU,2021-10-09 20:44:14,68.0546,166.4372,4.59,97,100,0.72,overcast clouds
290,Beohari,IN,2021-10-09 20:44:15,24.05,81.3833,70.79,70,2,3.58,clear sky
291,San Patricio,US,2021-10-09 20:44:15,28.017,-97.5169,91.49,45,0,13.69,clear sky
292,Sao Sebastiao,BR,2021-10-09 20:44:15,-23.76,-45.4097,66.58,93,100,7.92,overcast clouds
293,Turinsk,RU,2021-10-09 20:44:16,58.0458,63.696,33.51,80,84,6.8,broken clouds
294,Imbituba,BR,2021-10-09 20:44:16,-28.24,-48.6703,64.29,93,100,13.51,light rain
295,Jiuquan,CN,2021-10-09 20:44:16,39.7432,98.5174,36.36,37,0,5.06,clear sky
296,Saint-Joseph,RE,2021-10-09 20:44:17,-21.3667,55.6167,70.18,81,38,14.34,light rain
297,Ambilobe,MG,2021-10-09 20:44:17,-13.2,49.05,71.46,70,13,6.35,few clouds
298,Bintulu,MY,2021-10-09 20:44:18,3.1667,113.0333,77.41,100,20,1.99,few clouds
299,Wajima,JP,2021-10-09 20:44:18,37.4,136.9,70.77,85,13,7.34,few clouds
300,Severo-Kurilsk,RU,2021-10-09 20:44:00,50.6789,156.125,44.58,78,21,12.82,few clouds
301,Coquimbo,CL,2021-10-09 20:43:47,-29.9533,-71.3436,62.33,48,20,13.8,few clouds
302,Lata,PT,2021-10-09 20:42:11,40.1629,-8.3327,62.08,81,41,1.57,scattered clouds
303,Shwebo,MM,2021-10-09 20:44:19,22.5667,95.7,77.72,84,28,3.6,scattered clouds
304,Kushima,JP,2021-10-09 20:44:19,31.4583,131.2333,76.12,83,100,10.04,overcast clouds
305,Hofn,IS,2021-10-09 20:44:19,64.2539,-15.2082,47.91,81,100,5.55,overcast clouds
306,La Sarre,CA,2021-10-09 20:44:20,48.8002,-79.1996,66.13,74,100,7.74,overcast clouds
307,Asyut,EG,2021-10-09 20:40:01,27.181,31.1837,77.18,36,0,6.24,clear sky
308,Wanning,CN,2021-10-09 20:44:20,18.8003,110.3967,77.97,88,93,11.92,overcast clouds
309,Soure,BR,2021-10-09 20:44:21,-0.7167,-48.5233,79.77,78,86,12.1,overcast clouds
310,Nola,IT,2021-10-09 20:44:21,40.922,14.5329,66.06,57,69,7.02,broken clouds
311,Pochutla,MX,2021-10-09 20:44:22,15.7432,-96.4661,87.62,79,93,5.46,overcast clouds
312,Roanoke Rapids,US,2021-10-09 20:44:22,36.4615,-77.6542,69.49,100,90,8.05,overcast clouds
313,Kjollefjord,NO,2021-10-09 20:44:22,70.9457,27.3465,38.52,95,100,5.55,overcast clouds
314,Cabra,ES,2021-10-09 20:44:23,37.4725,-4.4421,74.25,68,100,5.03,overcast clouds
315,Balykshi,KZ,2021-10-09 20:41:49,47.0667,51.8667,35.6,55,0,2.24,clear sky
316,Guerrero Negro,MX,2021-10-09 20:44:23,27.9769,-114.0611,75.67,53,5,23.38,clear sky
317,Ixtapa,MX,2021-10-09 20:44:24,20.7,-105.2,90.23,75,100,1.99,overcast clouds
318,Zhigansk,RU,2021-10-09 20:44:24,66.7697,123.3711,33.19,99,100,19.06,snow
319,La Paz,BO,2021-10-09 20:44:24,-16.5,-68.15,60.78,54,75,10.36,broken clouds
320,Pitimbu,BR,2021-10-09 20:44:25,-7.4706,-34.8086,81.19,77,97,12.84,overcast clouds
321,Salalah,OM,2021-10-09 20:44:25,17.0151,54.0924,82.49,83,20,5.75,few clouds
322,Torrevieja,ES,2021-10-09 20:44:25,37.9787,-0.6822,71.82,67,72,3.51,broken clouds
323,Saint-Gaudens,FR,2021-10-09 20:44:26,43.0833,0.6667,60.13,85,78,2.37,broken clouds
324,Fereydun Kenar,IR,2021-10-09 20:44:26,36.6864,52.5225,61.9,74,98,5.1,overcast clouds
325,Norman Wells,CA,2021-10-09 20:44:27,65.282,-126.8329,30.24,93,90,8.05,light snow
326,Sao Miguel Do Araguaia,BR,2021-10-09 20:44:27,-13.275,-50.1628,94.8,25,80,3.18,broken clouds
327,Imeni Poliny Osipenko,RU,2021-10-09 20:44:27,52.4201,136.4853,37.4,86,100,5.39,overcast clouds
328,Kamaishi,JP,2021-10-09 20:44:28,39.2667,141.8833,63.23,89,91,11.61,overcast clouds
329,Betsiamites,CA,2021-10-09 20:44:28,48.9413,-68.646,54.5,72,47,4.72,scattered clouds
330,Richards Bay,ZA,2021-10-09 20:44:29,-28.783,32.0377,67.48,76,100,17.87,overcast clouds
331,Liwale,TZ,2021-10-09 20:43:39,-9.7667,37.9333,67.55,76,3,3.65,clear sky
332,Dikson,RU,2021-10-09 20:44:29,73.5069,80.5464,30.18,60,100,24.34,overcast clouds
333,Mingaora,PK,2021-10-09 20:44:04,34.7758,72.3625,65.14,55,2,6.85,clear sky
334,Faratsiho,MG,2021-10-09 20:44:30,-19.4,46.95,57.18,75,95,2.21,overcast clouds
335,Arboledas,CO,2021-10-09 20:44:30,7.6423,-72.7994,80.76,93,96,1.95,overcast clouds
336,Cheremukhovo,RU,2021-10-09 20:44:31,60.3484,59.9851,29.55,86,21,4.97,few clouds
337,Tarko-Sale,RU,2021-10-09 20:44:31,64.9225,77.785,28.71,78,100,16.33,overcast clouds
338,Agadez,NE,2021-10-09 20:44:31,19.75,10.25,80.58,9,49,5.48,scattered clouds
339,Mantua,IT,2021-10-09 20:44:32,45.1667,10.7833,60.04,73,61,3.0,broken clouds
340,Kashi,CN,2021-10-09 20:44:32,39.4547,75.9797,49.21,43,75,6.71,dust
341,Bereda,ES,2021-10-09 20:44:32,43.2686,-7.5406,58.91,99,100,7.9,overcast clouds
342,Louviers,FR,2021-10-09 20:44:33,49.2167,1.1667,54.36,84,0,6.91,clear sky
343,Kanniyakumari,IN,2021-10-09 20:44:33,8.0833,77.5667,80.02,84,100,16.87,overcast clouds
344,Matamoros,MX,2021-10-09 20:44:34,25.5333,-103.25,89.71,14,1,5.75,clear sky
345,Paita,PE,2021-10-09 20:44:34,-5.0892,-81.1144,72.16,76,63,19.46,broken clouds
346,Sunbury,AU,2021-10-09 20:44:34,-37.5833,144.7333,50.56,89,75,1.99,broken clouds
347,Springbok,ZA,2021-10-09 20:44:35,-29.6643,17.8865,57.13,45,18,9.55,few clouds
348,Banda Aceh,ID,2021-10-09 20:44:35,5.5577,95.3222,79.52,80,79,12.84,broken clouds
349,Ahipara,NZ,2021-10-09 20:44:35,-35.1667,173.1667,56.8,71,99,10.6,overcast clouds
350,Tizapan El Alto,MX,2021-10-09 20:44:36,20.1667,-103.0667,85.26,53,95,1.5,overcast clouds
351,Ilulissat,GL,2021-10-09 20:44:36,69.2167,-51.1,30.22,47,20,6.91,few clouds
352,Srednekolymsk,RU,2021-10-09 20:44:36,67.45,153.6833,7.27,96,43,4.16,scattered clouds
353,Olot,ES,2021-10-09 20:44:37,42.181,2.4901,63.21,84,95,1.28,overcast clouds
354,Naryan-Mar,RU,2021-10-09 20:44:37,67.6713,53.087,30.7,74,86,8.12,overcast clouds
355,Caramay,PH,2021-10-09 20:44:38,10.1815,119.236,78.15,85,100,5.77,moderate rain
356,Synya,RU,2021-10-09 20:44:38,65.3718,58.0387,28.15,88,17,3.85,few clouds
357,Wajir,KE,2021-10-09 20:44:38,1.7471,40.0573,79.48,56,50,19.73,scattered clouds
358,Saint Anthony,US,2021-10-09 20:44:39,45.0205,-93.218,79.25,65,1,3.0,clear sky
359,Port Blair,IN,2021-10-09 20:44:39,11.6667,92.75,78.84,94,90,2.3,overcast clouds
360,Nanchang,CN,2021-10-09 20:44:40,28.6833,115.8833,73.67,81,99,10.67,overcast clouds
361,Elizabeth City,US,2021-10-09 20:44:40,36.2946,-76.2511,73.42,95,90,16.11,overcast clouds
362,Poronaysk,RU,2021-10-09 20:44:40,49.2167,143.1167,49.12,83,100,12.06,overcast clouds
363,Ulcinj,ME,2021-10-09 20:44:41,41.9294,19.2244,60.93,76,88,12.03,overcast clouds
364,Camacha,PT,2021-10-09 20:44:41,33.0833,-16.3333,68.76,73,40,12.66,scattered clouds
365,Lompoc,US,2021-10-09 20:40:12,34.6391,-120.4579,81.01,44,1,17.27,clear sky
366,San Pedro,PH,2021-10-09 20:44:42,14.35,121.0167,81.63,87,75,6.91,broken clouds
367,Rocha,UY,2021-10-09 20:44:42,-34.4833,-54.3333,58.68,73,1,9.57,clear sky
368,Inhambane,MZ,2021-10-09 20:44:42,-23.865,35.3833,72.39,78,0,14.25,clear sky
369,Santa Cruz De Tenerife,ES,2021-10-09 20:44:43,28.4682,-16.2546,74.88,89,75,5.99,broken clouds
370,Hami,CN,2021-10-09 20:44:43,42.8,93.45,42.8,36,0,4.81,clear sky
371,Mikhaylovskoye,RU,2021-10-09 20:44:43,51.8239,79.7172,40.77,72,0,7.05,clear sky
372,Dogondoutchi,NE,2021-10-09 20:44:44,13.6393,4.0287,91.56,26,100,8.37,overcast clouds
373,Ariquemes,BR,2021-10-09 20:44:44,-9.9133,-63.0408,95.32,36,94,4.7,overcast clouds
374,Novobiryusinskiy,RU,2021-10-09 20:44:45,56.9578,97.7076,42.39,78,100,15.39,light rain
375,Barra Do Garcas,BR,2021-10-09 20:44:45,-15.89,-52.2567,95.58,49,20,6.91,few clouds
376,Omsukchan,RU,2021-10-09 20:44:45,62.5333,155.8,8.83,92,63,4.05,broken clouds
377,Teya,RU,2021-10-09 20:44:46,60.3778,92.6267,32.02,87,100,12.48,overcast clouds
378,Maceio,BR,2021-10-09 20:44:46,-9.6658,-35.7353,83.64,65,20,6.91,few clouds
379,Szamotuly,PL,2021-10-09 20:44:32,52.612,16.5779,45.99,65,25,7.18,scattered clouds
380,Tamworth,GB,2021-10-09 20:44:47,52.634,-1.6959,60.48,87,100,1.86,overcast clouds
381,Bayir,TR,2021-10-09 20:44:48,37.2687,28.2167,57.72,78,0,2.44,clear sky
382,Berlevag,NO,2021-10-09 20:42:51,70.8578,29.0864,37.8,95,100,6.53,overcast clouds
383,Manokwari,ID,2021-10-09 20:44:48,-0.8667,134.0833,79.3,77,26,2.06,scattered clouds
384,Jiancheng,CN,2021-10-09 20:44:49,30.391,104.5491,64.99,84,100,9.8,overcast clouds
385,Fernan-Nunez,ES,2021-10-09 20:44:49,37.6884,-4.7247,71.73,57,100,5.73,overcast clouds
386,Santa Marta,CO,2021-10-09 20:44:49,11.2408,-74.199,84.34,78,5,9.6,clear sky
387,Aksarka,RU,2021-10-09 20:44:50,66.5606,67.7975,28.65,69,23,11.39,few clouds
388,Craig,US,2021-10-09 20:44:50,40.5153,-107.5464,60.17,57,40,20.71,thunderstorm
389,Tambovka,RU,2021-10-09 20:44:51,50.0969,128.0489,41.11,96,83,16.06,broken clouds
390,Novyy Urengoy,RU,2021-10-09 20:44:51,66.0833,76.6333,27.45,78,72,14.38,broken clouds
391,Malko Tarnovo,BG,2021-10-09 20:42:32,41.9833,27.5333,49.98,96,100,10.96,overcast clouds
392,Camopi,GF,2021-10-09 20:44:32,3.1655,-52.3158,83.89,62,100,4.61,overcast clouds
393,Virden,US,2021-10-09 20:44:52,39.5009,-89.7679,85.86,56,100,11.3,overcast clouds
394,Mount Gambier,AU,2021-10-09 20:44:28,-37.8333,140.7667,39.11,93,68,5.75,broken clouds
395,Banswada,IN,2021-10-09 20:44:52,18.3833,77.8833,74.75,86,99,2.66,overcast clouds
396,Katsuura,JP,2021-10-09 20:43:44,35.1333,140.3,69.19,85,28,2.95,scattered clouds
397,Pak Chong,TH,2021-10-09 20:44:53,14.708,101.4161,72.72,95,100,4.83,light rain
398,Pecos,US,2021-10-09 20:44:53,31.4229,-103.4932,100.49,12,1,14.97,clear sky
399,Callaway,US,2021-10-09 20:44:53,30.153,-85.5699,88.92,46,1,4.0,clear sky
400,Sungaipenuh,ID,2021-10-09 20:44:54,-2.0833,101.3833,65.37,96,61,2.04,light rain
401,Vestmannaeyjar,IS,2021-10-09 20:43:34,63.4427,-20.2734,46.0,81,100,7.76,overcast clouds
402,Ust-Nera,RU,2021-10-09 20:44:54,64.5667,143.2,21.33,94,100,6.46,light snow
403,Kayerkan,RU,2021-10-09 20:44:55,69.3497,87.7602,19.85,92,100,14.2,light snow
404,La Ronge,CA,2021-10-09 20:44:55,55.1001,-105.2842,59.25,20,40,6.91,scattered clouds
405,Novovarshavka,RU,2021-10-09 20:44:55,54.1721,74.6946,40.14,83,29,6.49,scattered clouds
406,Nome,US,2021-10-09 20:44:56,64.5011,-165.4064,39.16,69,1,0.0,clear sky
407,Kurumkan,RU,2021-10-09 20:44:56,54.3,110.3,33.28,83,84,4.03,broken clouds
408,Kampot,KH,2021-10-09 20:44:56,10.6167,104.1833,82.45,87,100,8.75,overcast clouds
409,Tilichiki,RU,2021-10-09 20:42:32,60.4667,166.1,25.27,74,16,3.27,few clouds
410,Santa Maria,BR,2021-10-09 20:44:57,-29.6842,-53.8069,69.1,78,90,9.22,overcast clouds
411,Praya,CV,2021-10-09 20:44:57,14.9215,-23.5087,81.14,78,20,9.22,few clouds
412,Kuching,MY,2021-10-09 20:42:03,1.55,110.3333,80.82,89,20,3.44,few clouds
413,Wainwright,CA,2021-10-09 20:44:58,52.839,-110.8572,57.11,14,36,6.78,scattered clouds
414,Mazagao,BR,2021-10-09 20:44:58,-0.115,-51.2894,91.45,62,100,4.47,overcast clouds
415,Marsaxlokk,MT,2021-10-09 20:44:58,35.8419,14.5431,71.08,77,20,3.44,few clouds
416,Pauini,BR,2021-10-09 20:44:59,-7.7136,-66.9764,93.31,42,100,3.91,overcast clouds
417,Egvekinot,RU,2021-10-09 20:44:59,66.3167,-179.1667,18.43,85,100,6.46,overcast clouds
418,Kangasala,FI,2021-10-09 20:44:59,61.4638,24.076,52.99,93,100,7.02,overcast clouds
419,Erenhot,CN,2021-10-09 20:43:54,43.6475,111.9767,38.26,49,0,16.75,clear sky
420,Nirmal,IN,2021-10-09 20:45:00,19.1,78.35,74.97,84,95,3.49,overcast clouds
421,Xunchang,CN,2021-10-09 20:45:00,28.4543,104.715,64.44,93,100,1.97,light rain
422,Maxixe,MZ,2021-10-09 20:45:01,-23.8597,35.3472,71.62,78,0,12.77,clear sky
423,North Fort Myers,US,2021-10-09 20:43:24,26.6673,-81.8801,89.65,70,90,3.44,overcast clouds
424,Mehamn,NO,2021-10-09 20:45:01,71.0357,27.8492,37.8,97,100,6.44,overcast clouds
425,Khani,GE,2021-10-09 20:45:02,41.9563,42.9566,51.37,73,2,5.03,clear sky
426,Fare,PF,2021-10-09 20:45:03,-16.7,-151.0167,77.88,69,0,3.0,clear sky
427,Dese,ET,2021-10-09 20:45:04,11.1333,39.6333,54.03,87,100,2.3,overcast clouds
428,Safford,US,2021-10-09 20:45:04,32.834,-109.7076,85.93,39,1,4.61,clear sky
429,San Quintin,MX,2021-10-09 20:45:05,30.4833,-115.95,70.43,57,29,24.47,scattered clouds
430,Pevek,RU,2021-10-09 20:43:41,69.7008,170.3133,24.13,94,100,3.09,light snow
431,Saquena,PE,2021-10-09 20:45:06,-4.6667,-73.5167,87.55,57,76,1.66,broken clouds
432,Siuna,NI,2021-10-09 20:45:07,13.7332,-84.7773,79.74,88,99,3.11,overcast clouds
433,Laguna,US,2021-10-09 20:45:07,38.421,-121.4238,75.06,43,1,4.0,clear sky
434,Henties Bay,NA,2021-10-09 20:45:07,-22.116,14.2845,57.85,80,0,3.98,clear sky
435,Kincardine,GB,2021-10-09 20:45:08,56.0667,-3.7167,58.19,95,67,7.92,broken clouds
436,Bandarbeyla,SO,2021-10-09 20:45:08,9.4942,50.8122,78.22,82,89,20.02,overcast clouds
437,Arlit,NE,2021-10-09 20:45:09,18.7369,7.3853,88.32,9,32,8.97,scattered clouds
438,Nishihara,JP,2021-10-09 20:45:09,26.1842,127.7558,81.68,78,40,11.5,scattered clouds
439,Coahuayana,MX,2021-10-09 20:45:10,18.7333,-103.6833,87.69,69,100,4.52,overcast clouds
440,Derzhavinsk,KZ,2021-10-09 20:45:10,51.1,66.3167,41.32,50,0,5.37,clear sky
441,Sayyan,YE,2021-10-09 20:45:10,15.1718,44.3244,62.38,43,28,15.08,scattered clouds
442,Gurupa,BR,2021-10-09 20:45:11,-1.405,-51.64,87.94,48,96,2.39,overcast clouds
443,Otradnoye,RU,2021-10-09 20:45:11,59.7775,30.8181,54.03,85,98,5.97,overcast clouds
444,Los Llanos De Aridane,ES,2021-10-09 20:45:11,28.6585,-17.9182,69.55,88,0,17.27,clear sky
445,Codrington,AU,2021-10-09 20:44:54,-38.2667,141.9667,48.15,67,37,8.05,scattered clouds
446,Neuquen,AR,2021-10-09 20:41:34,-38.9516,-68.0591,80.49,22,0,9.22,clear sky
447,Havelock,US,2021-10-09 20:45:12,34.8791,-76.9013,71.83,93,75,1.99,moderate rain
448,Champerico,GT,2021-10-09 20:45:12,14.3,-91.9167,90.14,80,100,9.93,overcast clouds
449,Vila Velha,BR,2021-10-09 20:40:58,-20.3297,-40.2925,69.75,83,75,2.3,broken clouds
450,Conde,BR,2021-10-09 20:45:13,-7.2597,-34.9075,80.06,74,40,12.66,scattered clouds
451,Howard Springs,AU,2021-10-09 20:45:13,-12.497,131.047,78.71,95,100,2.98,overcast clouds
452,Jawhar,SO,2021-10-09 20:45:14,2.7809,45.5005,77.2,84,32,9.86,scattered clouds
453,Sehithwa,BW,2021-10-09 20:45:14,-20.4667,22.7167,77.56,11,0,6.96,clear sky
454,Ust-Omchug,RU,2021-10-09 20:45:14,61.15,149.6333,2.86,95,47,2.13,scattered clouds
455,Muskogee,US,2021-10-09 20:45:15,35.5834,-95.3336,94.51,33,60,16.46,broken clouds
456,Vermilion,US,2021-10-09 20:45:15,40.1667,-87.7506,85.57,54,1,1.99,clear sky
457,Los Algarrobos,PA,2021-10-09 20:45:15,8.5,-82.4333,86.41,70,40,12.66,scattered clouds
458,Mega,ET,2021-10-09 20:45:16,4.05,38.3,63.91,71,69,12.55,broken clouds
459,Kokkola,FI,2021-10-09 20:45:16,63.8385,23.1307,53.92,86,90,8.01,overcast clouds
460,Russell,US,2021-10-09 20:43:30,32.3502,-85.1999,83.8,52,75,3.44,broken clouds
461,Toktogul,KG,2021-10-09 20:45:17,41.8708,72.9402,51.33,86,100,2.1,overcast clouds
462,Mareeba,AU,2021-10-09 20:45:17,-17.0,145.4333,70.52,93,81,4.32,broken clouds
463,Birao,CF,2021-10-09 20:45:17,10.2849,22.7882,78.94,39,70,3.96,broken clouds
464,Lashio,MM,2021-10-09 20:41:52,22.9333,97.75,66.43,99,96,0.67,overcast clouds
465,Muros,ES,2021-10-09 20:45:18,42.7762,-9.0603,66.24,68,73,13.44,broken clouds
466,Ostersund,SE,2021-10-09 20:45:18,63.1792,14.6357,54.61,94,90,6.91,overcast clouds
467,Boa Vista,BR,2021-10-09 20:41:02,2.8197,-60.6733,89.58,48,40,5.75,scattered clouds
468,Teahupoo,PF,2021-10-09 20:45:19,-17.8333,-149.2667,78.76,71,28,3.71,scattered clouds
469,Rawson,AR,2021-10-09 20:45:19,-43.3002,-65.1023,73.47,27,0,18.5,clear sky
470,Volodarskiy,RU,2021-10-09 20:45:20,46.4013,48.5409,39.15,46,11,2.17,few clouds
471,Havre,FR,2021-10-09 20:45:20,49.5833,0.3333,53.37,94,6,4.61,clear sky
472,Mae Hong Son,TH,2021-10-09 20:45:21,19.3003,97.9685,72.88,99,100,0.83,overcast clouds
473,Gardner,US,2021-10-09 20:43:15,42.5751,-71.9981,59.45,75,90,6.91,overcast clouds
474,Kayes,ML,2021-10-09 20:45:21,14.0,-11.0,82.81,63,70,4.38,broken clouds
475,Sechura,PE,2021-10-09 20:45:21,-5.5569,-80.8222,77.18,57,61,17.67,broken clouds
476,Puerto Escondido,MX,2021-10-09 20:45:22,15.85,-97.0667,82.94,80,100,5.64,overcast clouds
477,Bergen,NO,2021-10-09 20:45:22,60.392,5.328,57.07,85,75,21.85,light rain
478,Tagusao,PH,2021-10-09 20:45:23,9.1924,117.8141,80.94,79,100,10.85,moderate rain
479,Ardmore,US,2021-10-09 20:45:23,34.1743,-97.1436,92.64,34,1,10.0,clear sky
480,Solnechnyy,RU,2021-10-09 20:45:23,50.7214,136.6319,42.89,90,100,4.68,overcast clouds
481,Santiago,CL,2021-10-09 20:42:39,-33.4569,-70.6483,73.17,38,0,10.36,clear sky
482,Alta Floresta,BR,2021-10-09 20:45:24,-9.8756,-56.0861,91.22,55,20,6.91,few clouds
483,Oranjemund,NA,2021-10-09 20:42:34,-28.55,16.4333,57.99,86,9,13.69,clear sky
484,Abnub,EG,2021-10-09 20:45:24,27.2696,31.1511,77.22,37,0,6.38,clear sky
485,Poum,NC,2021-10-09 20:44:40,-20.2333,164.0167,72.91,67,16,12.48,few clouds
486,Tura,IN,2021-10-09 20:45:25,25.5198,90.2201,73.38,86,2,2.21,clear sky
487,Killarney,IE,2021-10-09 20:45:25,52.05,-9.5167,51.57,96,0,2.19,clear sky
488,Wewak,PG,2021-10-09 20:45:26,-3.5534,143.6268,80.78,83,40,2.75,scattered clouds
489,Nieves,PH,2021-10-09 20:45:26,15.3274,120.9485,74.89,96,98,0.6,overcast clouds
490,Bodden Town,KY,2021-10-09 20:45:26,19.2833,-81.25,87.8,66,20,4.61,few clouds
491,Perur,IN,2021-10-09 20:45:27,10.9667,76.9,76.69,78,40,6.91,mist
492,Guilin,CN,2021-10-09 20:45:27,25.2819,110.2864,69.91,92,100,9.35,light rain
493,Nouadhibou,MR,2021-10-09 20:45:27,20.931,-17.0347,75.18,69,97,10.36,overcast clouds
494,Manitouwadge,CA,2021-10-09 20:43:07,49.1215,-85.8403,60.58,86,95,5.46,overcast clouds
495,Tanda,IN,2021-10-09 20:45:28,26.55,82.65,74.1,68,0,2.59,clear sky
496,Dubrovnik,HR,2021-10-09 20:45:28,42.6481,18.0922,60.64,71,40,17.27,scattered clouds
497,Gritsovskiy,RU,2021-10-09 20:45:29,54.1376,38.1604,40.1,68,0,4.18,clear sky
498,Ajaccio,FR,2021-10-09 20:45:29,42.0,8.9167,57.69,55,90,3.44,overcast clouds
499,Puerto Ayacucho,VE,2021-10-09 20:45:29,5.6639,-67.6236,87.98,67,84,2.35,broken clouds
500,Staraya Toropa,RU,2021-10-09 20:45:30,56.2801,31.6702,37.65,76,20,3.22,few clouds
501,Jalu,LY,2021-10-09 20:45:30,29.0331,21.5482,78.21,27,0,9.78,clear sky
502,Sena Madureira,BR,2021-10-09 20:45:30,-9.0656,-68.6569,90.77,45,100,3.67,overcast clouds
503,Vostok,RU,2021-10-09 20:43:30,46.4856,135.8833,42.78,96,100,5.3,overcast clouds
504,Ucluelet,CA,2021-10-09 20:41:49,48.9329,-125.5528,55.09,92,100,10.38,moderate rain
505,Markala,ML,2021-10-09 20:45:31,13.7021,-6.0659,89.91,28,7,2.93,clear sky
506,Liverpool,GB,2021-10-09 20:41:29,53.4106,-2.9779,60.19,88,75,5.75,broken clouds
507,Daru,PG,2021-10-09 20:45:32,-9.0763,143.2092,79.03,87,100,16.91,overcast clouds
508,Porto Novo,BJ,2021-10-09 20:45:32,6.4965,2.6036,82.22,89,100,4.74,light rain
509,Chicama,PE,2021-10-09 20:45:33,-7.8447,-79.1469,61.34,67,30,9.17,scattered clouds
510,Banfora,BF,2021-10-09 20:45:33,10.6333,-4.7667,80.73,63,17,4.32,few clouds
511,Acarigua,VE,2021-10-09 20:45:33,9.5545,-69.1956,87.51,75,52,1.92,broken clouds
512,Avera,US,2021-10-09 20:45:34,33.194,-82.5271,80.47,69,40,10.18,scattered clouds
513,Vila Franca Do Campo,PT,2021-10-09 20:43:41,37.7167,-25.4333,70.21,82,56,9.28,broken clouds
514,Sucua,EC,2021-10-09 20:45:34,-2.4667,-78.1667,81.34,69,40,3.44,light rain
515,Najran,SA,2021-10-09 20:44:38,17.4924,44.1277,79.45,37,8,4.83,clear sky
516,The Valley,AI,2021-10-09 20:45:35,18.217,-63.0578,87.66,62,20,14.97,haze
517,Sestri Levante,IT,2021-10-09 20:45:35,44.2732,9.3968,58.91,58,1,3.0,clear sky
518,Lavrentiya,RU,2021-10-09 20:41:15,65.5833,-171.0,30.52,80,73,9.82,broken clouds
519,Saint George,US,2021-10-09 20:44:33,37.1041,-113.5841,71.94,36,1,1.99,clear sky
520,Mayumba,GA,2021-10-09 20:45:36,-3.432,10.6554,77.09,91,97,8.72,overcast clouds
521,Yarmouth,US,2021-10-09 20:45:36,41.7057,-70.2286,63.07,78,90,8.99,overcast clouds
522,Bullhead City,US,2021-10-09 20:41:48,35.1478,-114.5683,81.1,25,1,17.27,clear sky
523,Kloulklubed,PW,2021-10-09 20:45:37,7.0419,134.2556,73.9,78,79,22.19,heavy intensity rain
524,Sambava,MG,2021-10-09 20:45:37,-14.2667,50.1667,70.93,76,19,12.26,few clouds
525,Ngunguru,NZ,2021-10-09 20:45:37,-35.6167,174.5,60.17,71,92,11.74,overcast clouds
526,Muli,MV,2021-10-09 20:45:38,2.9167,73.5667,83.07,76,100,13.47,overcast clouds
527,Chapais,CA,2021-10-09 20:45:38,49.7834,-74.8492,65.98,65,61,10.8,broken clouds
528,Noumea,NC,2021-10-09 20:45:39,-22.2763,166.4572,73.0,99,22,11.99,few clouds
529,Antigonish,CA,2021-10-09 20:45:39,45.6169,-61.9986,54.14,70,13,1.01,few clouds
530,Gonbad-E Qabus,IR,2021-10-09 20:45:39,37.25,55.1672,56.62,51,10,2.26,clear sky
531,Barao De Melgaco,BR,2021-10-09 20:45:40,-16.1944,-55.9675,97.32,31,96,4.63,overcast clouds
532,Humen,CN,2021-10-09 20:45:41,22.819,113.6731,79.92,83,99,12.5,light rain
533,Banjar,ID,2021-10-09 20:45:41,-8.19,114.9675,78.66,86,89,6.93,overcast clouds
534,Touros,BR,2021-10-09 20:44:56,-5.1989,-35.4608,83.3,78,56,16.44,broken clouds
535,Longhua,CN,2021-10-09 20:45:42,23.6137,114.1919,74.53,95,100,3.29,overcast clouds
536,Chulym,RU,2021-10-09 20:45:42,55.0997,80.9572,38.03,91,100,6.51,overcast clouds
537,Gat,IL,2021-10-09 20:45:42,31.61,34.7642,74.8,69,0,5.79,clear sky
538,Obo,CF,2021-10-09 20:45:43,5.3998,26.4869,70.75,95,100,1.3,light rain
539,Pangnirtung,CA,2021-10-09 20:44:29,66.1451,-65.7125,32.9,91,77,2.55,broken clouds
540,Sri Aman,MY,2021-10-09 20:45:43,1.2376,111.4621,78.85,94,78,0.0,light rain
541,Broken Hill,AU,2021-10-09 20:45:44,-31.95,141.4333,55.11,94,90,16.11,light rain
542,Antofagasta,CL,2021-10-09 20:45:44,-23.65,-70.4,60.08,67,4,10.65,clear sky
543,Flinders,AU,2021-10-09 20:45:44,-34.5833,150.8552,64.38,81,67,1.01,broken clouds
544,Cockburn Town,TC,2021-10-09 20:45:45,21.4612,-71.1419,85.96,66,40,8.05,scattered clouds
545,Macomer,IT,2021-10-09 20:45:46,40.262,8.7699,54.43,89,6,7.9,clear sky
546,Dhidhdhoo,MV,2021-10-09 20:43:49,6.8833,73.1,82.45,80,44,16.55,scattered clouds
547,Pemberton,CA,2021-10-09 20:45:47,50.3164,-122.8027,47.89,99,100,5.57,overcast clouds
548,Susuman,RU,2021-10-09 20:45:47,62.7833,148.1667,3.27,98,88,2.06,overcast clouds
549,Stawell,AU,2021-10-09 20:45:48,-37.05,142.7667,40.01,92,94,5.57,overcast clouds
550,Rusape,ZW,2021-10-09 20:45:48,-18.5278,32.1284,67.73,46,10,5.08,clear sky
551,Manacapuru,BR,2021-10-09 20:45:48,-3.2997,-60.6206,84.78,65,79,1.74,broken clouds
552,Korla,CN,2021-10-09 20:45:49,41.7597,86.1469,45.01,45,5,2.42,clear sky
553,Sabang,ID,2021-10-09 20:45:49,5.8933,95.3214,82.27,78,86,21.34,overcast clouds
554,Vung Tau,VN,2021-10-09 20:45:50,10.346,107.0843,78.93,89,100,14.83,overcast clouds
555,Okhotsk,RU,2021-10-09 20:43:41,59.3833,143.3,24.19,78,6,10.54,clear sky
556,Wer,IN,2021-10-09 20:45:50,27.0,77.1667,81.12,39,0,3.06,clear sky
557,Woodward,US,2021-10-09 20:45:50,36.4337,-99.3904,101.43,20,1,20.71,clear sky
558,Muisne,EC,2021-10-09 20:45:51,0.6,-80.0333,78.91,79,88,7.16,overcast clouds
559,Sanmenxia,CN,2021-10-09 20:45:51,34.7747,111.1814,51.75,77,89,12.37,light rain
560,Maneadero,MX,2021-10-09 20:45:52,31.7167,-116.5667,77.18,71,46,4.0,scattered clouds
561,Nawa,IN,2021-10-09 20:45:52,27.0167,75.0,81.28,45,0,5.57,clear sky
562,Marzuq,YE,2021-10-09 20:45:53,14.4,46.4667,76.57,64,32,1.14,scattered clouds
563,Maridi,SS,2021-10-09 20:45:53,4.9158,29.4742,69.48,91,98,2.98,light rain
564,Sangmelima,CM,2021-10-09 20:45:53,2.9333,11.9833,69.28,99,100,3.04,light rain
565,Bay Saint Louis,US,2021-10-09 20:45:54,30.3088,-89.33,88.32,51,1,0.0,clear sky
566,Sanchor,IN,2021-10-09 20:45:54,24.7553,71.7722,83.82,69,4,9.06,clear sky
567,Staraya Mayna,RU,2021-10-09 20:45:54,54.6,48.95,39.31,68,33,6.04,scattered clouds
568,Pemangkat,ID,2021-10-09 20:45:55,1.1667,108.9667,79.0,88,85,8.46,overcast clouds
569,Caloundra,AU,2021-10-09 20:45:55,-26.8,153.1333,71.44,83,20,3.0,few clouds
570,Afsin,TR,2021-10-09 20:45:55,38.2477,36.914,55.85,28,0,3.13,clear sky
571,Faya,SA,2021-10-09 20:44:06,18.3851,42.4509,68.11,44,8,10.33,clear sky
572,Pacific Grove,US,2021-10-09 20:43:38,36.6177,-121.9166,76.59,47,1,7.0,clear sky
573,Ossora,RU,2021-10-09 20:45:56,59.2353,163.0719,32.72,58,29,3.69,scattered clouds
574,Mosetse,BW,2021-10-09 20:45:57,-20.75,26.65,83.68,24,34,4.56,scattered clouds
575,Ibra,OM,2021-10-09 20:45:57,22.6906,58.5334,81.54,48,3,2.62,clear sky
576,San Cristobal,VE,2021-10-09 20:44:38,7.7669,-72.225,80.78,62,64,3.33,broken clouds
577,Haines Junction,CA,2021-10-09 20:45:23,60.7522,-137.5108,39.15,70,100,2.3,overcast clouds
578,Monroe,US,2021-10-09 20:44:59,43.1501,-77.6831,68.59,81,90,13.8,overcast clouds
579,Raudeberg,NO,2021-10-09 20:42:16,61.9875,5.1352,56.19,90,100,10.0,light rain
580,Twentynine Palms,US,2021-10-09 20:41:37,34.1356,-116.0542,77.32,24,0,1.01,clear sky
581,Angoche,MZ,2021-10-09 20:45:58,-16.2325,39.9086,74.57,73,0,12.15,clear sky
582,Canon City,US,2021-10-09 20:45:59,38.441,-105.2424,78.1,22,40,1.99,scattered clouds
583,Millau,FR,2021-10-09 20:45:59,44.0833,2.9167,55.53,96,0,1.63,clear sky
584,Davila,PH,2021-10-09 20:45:59,18.4726,120.5763,80.76,84,100,13.38,overcast clouds
585,Usinsk,RU,2021-10-09 20:46:00,65.9939,57.5281,28.92,85,16,9.69,few clouds
586,Aswan,EG,2021-10-09 20:46:00,24.0934,32.907,90.7,23,0,11.5,clear sky
587,Harper,LR,2021-10-09 20:43:44,4.375,-7.7169,76.91,89,38,7.02,scattered clouds
588,Itoman,JP,2021-10-09 20:44:01,26.1247,127.6694,82.42,78,40,11.5,scattered clouds
589,Rudbar,AF,2021-10-09 20:46:01,30.15,62.6,59.58,28,0,14.36,clear sky
590,Xining,CN,2021-10-09 20:46:01,36.6167,101.7667,34.32,78,100,1.54,overcast clouds
591,Moron,AR,2021-10-09 20:46:02,-34.6534,-58.6198,69.03,61,0,5.01,clear sky
592,Shieli,KZ,2021-10-09 20:41:15,44.1667,66.75,47.35,39,100,6.53,overcast clouds
593,Traverse City,US,2021-10-09 20:42:21,44.7631,-85.6206,73.47,68,40,8.05,scattered clouds
594,Yenagoa,NG,2021-10-09 20:46:03,4.9247,6.2642,75.56,95,100,3.15,overcast clouds
595,Te Anau,NZ,2021-10-09 20:46:03,-45.4167,167.7167,50.25,66,51,2.19,moderate rain
596,Kemijarvi,FI,2021-10-09 20:46:03,66.7131,27.4306,41.05,98,100,6.2,overcast clouds
597,Sorong,ID,2021-10-09 20:46:04,-0.8833,131.25,78.26,91,80,8.03,broken clouds
598,Rafai,CF,2021-10-09 20:46:04,4.95,23.9167,70.21,98,100,3.06,moderate rain
599,Iracoubo,GF,2021-10-09 20:46:05,5.4802,-53.2011,82.38,76,100,11.05,overcast clouds
600,Bayan,CN,2021-10-09 20:46:05,46.0833,127.4,54.9,51,100,19.04,overcast clouds
601,Ellisras,ZA,2021-10-09 20:46:05,-23.6649,27.7443,78.21,27,2,6.15,clear sky
602,Sao Paulo De Olivenca,BR,2021-10-09 20:46:06,-3.3783,-68.8725,85.51,66,100,0.43,overcast clouds
603,Northam,GB,2021-10-09 20:46:06,51.0333,-4.2167,59.4,93,100,4.32,overcast clouds
604,Thio,NC,2021-10-09 20:46:07,-21.6167,166.2167,69.76,60,17,11.72,few clouds
605,Goderich,CA,2021-10-09 20:46:07,43.7501,-81.7165,71.2,83,19,5.75,few clouds
606,San Jeronimo,PE,2021-10-09 20:46:07,-11.9472,-75.2829,62.62,53,96,6.69,overcast clouds
607,Roald,NO,2021-10-09 20:46:08,62.5833,6.1333,61.16,82,75,14.97,light rain
608,Polovinnoye,RU,2021-10-09 20:46:08,54.7914,65.9864,41.9,73,77,7.96,broken clouds
609,Dudinka,RU,2021-10-09 20:43:51,69.4058,86.1778,22.39,87,94,14.25,overcast clouds
610,Aksu,CN,2021-10-09 20:46:09,41.1231,80.2644,45.23,30,23,3.6,few clouds
611,Gweru,ZW,2021-10-09 20:46:09,-19.45,29.8167,72.93,30,8,6.85,clear sky
612,Port-Gentil,GA,2021-10-09 20:46:10,-0.7193,8.7815,78.76,89,75,11.5,light rain
613,Jardim,BR,2021-10-09 20:46:10,-21.4803,-56.1381,76.08,91,88,7.0,overcast clouds
614,Langham,CA,2021-10-09 20:43:16,52.3668,-106.9679,65.01,31,58,12.53,broken clouds
615,Bagn,NO,2021-10-09 20:46:10,60.8225,9.5521,55.08,94,96,3.91,overcast clouds
616,Qui Nhon,VN,2021-10-09 20:46:11,13.7667,109.2333,78.39,82,99,3.0,overcast clouds
617,Grosseto,IT,2021-10-09 20:46:11,42.8333,11.25,59.81,72,20,14.97,few clouds
618,Ransang,PH,2021-10-09 20:46:12,8.9603,117.5828,80.33,81,100,7.2,moderate rain
619,Ligayan,PH,2021-10-09 20:46:12,4.6533,119.4706,82.89,76,92,5.97,heavy intensity rain
620,Palombara Sabina,IT,2021-10-09 20:46:13,42.0667,12.768,59.68,65,81,4.32,broken clouds
621,Murray,US,2021-10-09 20:46:13,40.6669,-111.888,54.57,80,90,1.01,overcast clouds
622,Kargasok,RU,2021-10-09 20:43:17,59.0556,80.8572,35.31,88,100,9.71,overcast clouds
623,Mushie,CD,2021-10-09 20:46:14,-3.0167,16.9,74.25,95,88,3.83,overcast clouds
624,Hirna,ET,2021-10-09 20:46:14,9.2167,41.1,61.93,93,93,4.07,heavy intensity rain
625,Terrace Bay,CA,2021-10-09 20:46:14,48.7834,-87.1,61.3,95,97,7.11,overcast clouds
626,Okato,NZ,2021-10-09 20:46:15,-39.2,173.8833,55.42,72,19,2.86,few clouds
627,Sorland,NO,2021-10-09 20:41:51,67.667,12.6934,51.93,96,100,31.52,overcast clouds
628,Gondanglegi,ID,2021-10-09 20:46:15,-7.7479,112.0132,74.44,89,64,11.56,broken clouds
629,Sitka,US,2021-10-09 20:42:17,57.0531,-135.33,49.89,76,75,16.11,moderate rain
630,Martapura,ID,2021-10-09 20:46:16,-3.4167,114.85,75.29,100,100,2.3,overcast clouds
631,Bitung,ID,2021-10-09 20:46:16,1.4451,125.1824,77.85,83,100,7.25,light rain
632,Prieska,ZA,2021-10-09 20:46:17,-29.6641,22.7474,57.81,28,0,8.28,clear sky
633,Catemaco,MX,2021-10-09 20:46:17,18.4167,-95.1167,78.66,84,98,5.68,overcast clouds
634,Hamilton,US,2021-10-09 20:46:17,39.1834,-84.5333,82.65,61,40,1.99,scattered clouds
635,Hambantota,LK,2021-10-09 20:46:18,6.1241,81.1185,80.22,82,100,16.91,overcast clouds
636,Lipin Bor,RU,2021-10-09 20:46:18,60.2622,37.9763,46.09,95,100,8.48,overcast clouds
637,Yuancheng,CN,2021-10-09 20:46:19,36.652,107.7896,40.37,59,100,4.99,light rain
638,Vila,PT,2021-10-09 20:46:19,42.0304,-8.1588,59.32,84,100,4.12,overcast clouds
639,Acapulco,MX,2021-10-09 20:46:06,16.8634,-99.8901,87.62,74,75,4.61,broken clouds
640,Dondo,MZ,2021-10-09 20:46:19,-19.6094,34.7431,69.48,77,0,4.72,clear sky
641,Laurel,US,2021-10-09 20:46:20,39.0993,-76.8483,72.45,78,90,4.0,overcast clouds
642,Naze,JP,2021-10-09 20:46:20,28.3667,129.4833,77.04,74,51,20.27,broken clouds
643,Mazamet,FR,2021-10-09 20:46:21,43.49,2.373,59.09,83,0,1.14,clear sky
644,Murray Bridge,AU,2021-10-09 20:45:45,-35.1167,139.2667,50.45,62,100,6.38,overcast clouds
645,Noyabrsk,RU,2021-10-09 20:46:21,63.1994,75.4507,29.1,84,93,19.66,overcast clouds
646,Half Moon Bay,US,2021-10-09 20:46:22,37.4636,-122.4286,74.5,52,1,5.75,clear sky
647,Japura,ID,2021-10-09 20:46:22,-0.3167,102.35,75.34,96,62,0.87,broken clouds
648,Beringovskiy,RU,2021-10-09 20:46:22,63.05,179.3167,30.07,93,100,6.89,light snow
649,Marathon,US,2021-10-09 20:46:23,44.9,-89.7668,70.48,82,90,8.05,overcast clouds
650,Talcahuano,CL,2021-10-09 20:46:23,-36.7167,-73.1167,56.88,77,90,11.5,overcast clouds
651,Sioux Lookout,CA,2021-10-09 20:46:23,50.1001,-91.917,64.78,82,75,2.3,broken clouds
652,Varzelandia,BR,2021-10-09 20:46:24,-15.7014,-44.0275,83.55,37,68,5.55,broken clouds
653,Sola,VU,2021-10-09 20:46:24,-13.8833,167.55,78.55,83,36,21.65,scattered clouds
654,Nyurba,RU,2021-10-09 20:46:19,63.2842,118.3319,35.92,96,100,12.28,light rain
655,Prince George,CA,2021-10-09 20:41:50,53.9166,-122.753,48.25,74,75,17.27,broken clouds
656,Lalsk,RU,2021-10-09 20:46:25,60.7415,47.5862,41.14,94,100,3.42,overcast clouds
657,Tatawin,TN,2021-10-09 20:46:25,32.9297,10.4518,74.28,67,1,6.15,clear sky
658,Finschhafen,PG,2021-10-09 20:46:25,-6.6024,147.8681,78.31,86,100,8.43,overcast clouds
659,Teguldet,RU,2021-10-09 20:46:26,57.3064,88.1667,36.39,87,100,6.71,overcast clouds
660,Bar Harbor,US,2021-10-09 20:46:26,44.3876,-68.2039,58.33,67,1,4.0,clear sky
661,Natal,BR,2021-10-09 20:45:38,-5.795,-35.2094,83.05,69,40,17.27,scattered clouds
662,Zambrano,CO,2021-10-09 20:46:26,9.7472,-74.8153,88.92,62,37,4.05,scattered clouds
663,Tyn Nad Vltavou,CZ,2021-10-09 20:46:27,49.2234,14.4206,44.44,75,0,7.0,clear sky
664,Brandon,US,2021-10-09 20:46:27,27.9378,-82.2859,89.69,57,1,3.0,clear sky
665,Udachnyy,RU,2021-10-09 20:46:28,66.4167,112.4,33.48,99,100,9.37,overcast clouds
666,Burnie,AU,2021-10-09 20:46:28,-41.0667,145.9167,47.95,65,16,10.2,few clouds
667,Odweyne,SO,2021-10-09 20:46:28,9.4092,45.064,74.5,64,83,8.48,broken clouds
668,Sangar,RU,2021-10-09 20:46:29,63.9242,127.4739,29.48,97,100,10.11,snow
669,Portland,US,2021-10-09 20:45:12,45.5234,-122.6762,65.44,70,75,1.01,broken clouds
670,Bonthe,SL,2021-10-09 20:46:29,7.5264,-12.505,79.18,84,100,7.56,overcast clouds
671,Natitingou,BJ,2021-10-09 20:46:29,10.3042,1.3796,75.45,82,97,4.61,overcast clouds
672,Kaeo,NZ,2021-10-09 20:46:30,-35.1,173.7833,60.33,76,64,8.55,broken clouds
673,Plyussa,RU,2021-10-09 20:46:30,58.4308,29.3654,45.66,66,97,4.45,overcast clouds
674,Mtimbira,TZ,2021-10-09 20:46:30,-8.7833,36.35,74.61,61,7,3.31,clear sky
675,Remanso,BR,2021-10-09 20:46:31,-9.6179,-42.0831,87.4,34,97,10.13,overcast clouds
676,Dwarka,IN,2021-10-09 20:46:31,22.2394,68.9678,82.35,81,0,5.37,clear sky
677,Boguchany,RU,2021-10-09 20:46:31,58.3814,97.4531,36.52,77,82,14.36,broken clouds
678,Stokmarknes,NO,2021-10-09 20:46:32,68.5646,14.9108,49.5,95,100,7.67,light rain
679,Fraga,ES,2021-10-09 20:46:32,41.5229,0.3489,62.58,55,0,4.61,clear sky
680,Copalillo,MX,2021-10-09 20:46:33,18.0333,-99.1167,84.9,48,83,0.54,broken clouds
681,Boundiali,CI,2021-10-09 20:46:33,9.5217,-6.4869,77.77,74,69,2.86,broken clouds
682,Nakatunguru,TZ,2021-10-09 20:46:33,-2.1167,33.0667,74.53,76,99,18.01,overcast clouds
683,Culpeper,US,2021-10-09 20:46:34,38.5004,-77.9664,70.63,81,100,1.99,overcast clouds
684,Jieshi,CN,2021-10-09 20:46:34,22.8134,115.8257,78.94,79,86,19.22,overcast clouds
685,Along,IN,2021-10-09 20:42:24,28.1667,94.7667,69.69,98,41,2.19,scattered clouds
686,Bunia,CD,2021-10-09 20:46:35,1.5667,30.25,64.04,93,100,1.63,overcast clouds
687,Blythe,US,2021-10-09 20:46:35,33.6103,-114.5964,81.05,13,1,5.75,clear sky
688,Caravelas,BR,2021-10-09 20:43:10,-17.7125,-39.2481,73.04,76,100,9.15,overcast clouds
689,Tofield,CA,2021-10-09 20:46:36,53.3668,-112.6686,62.82,14,12,9.48,few clouds
690,Nhulunbuy,AU,2021-10-09 20:46:36,-12.2333,136.7667,77.61,83,70,3.44,broken clouds
691,Komatipoort,ZA,2021-10-09 20:46:37,-25.4332,31.9548,72.05,70,48,18.03,scattered clouds
692,Roswell,US,2021-10-09 20:46:37,34.0232,-84.3616,82.85,63,75,3.44,broken clouds
693,Tabou,CI,2021-10-09 20:44:23,4.423,-7.3528,76.69,90,34,7.14,scattered clouds
694,Macheta,CO,2021-10-09 20:46:37,5.0815,-73.6076,65.37,77,85,4.38,overcast clouds
695,Sao Joao Da Barra,BR,2021-10-09 20:46:38,-21.6403,-41.0511,71.69,79,100,9.51,overcast clouds
696,Buraydah,SA,2021-10-09 20:42:07,26.326,43.975,84.65,16,0,8.81,clear sky
697,Belyy Yar,RU,2021-10-09 20:44:11,53.6039,91.3903,44.49,61,0,8.95,clear sky
698,Aden,YE,2021-10-09 20:46:38,12.7794,45.0367,85.53,75,89,11.95,overcast clouds
699,Sibolga,ID,2021-10-09 20:43:55,1.7427,98.7792,77.23,90,95,1.81,overcast clouds
700,Veshenskaya,RU,2021-10-09 20:46:39,49.6303,41.7334,45.01,56,100,6.53,overcast clouds
701,Suzhou,CN,2021-10-09 20:44:30,31.3114,120.6181,78.67,95,0,4.36,clear sky
702,Husavik,IS,2021-10-09 20:46:39,66.0449,-17.3389,40.91,97,100,10.25,overcast clouds
703,Comodoro Rivadavia,AR,2021-10-09 20:45:02,-45.8667,-67.5,69.66,37,0,13.8,clear sky
704,Tandalti,SD,2021-10-09 20:46:40,13.0167,31.8667,91.56,26,50,8.52,scattered clouds
705,Fonte Boa,BR,2021-10-09 20:46:40,-2.4959,-66.2662,83.48,73,93,2.59,overcast clouds
706,Raseiniai,LT,2021-10-09 20:46:41,55.3736,23.1217,39.65,66,93,2.86,overcast clouds
707,Tibati,CM,2021-10-09 20:46:41,6.4667,12.6333,68.59,96,100,1.39,light rain
708,Anadyr,RU,2021-10-09 20:46:41,64.75,177.4833,27.1,92,40,1.99,light snow
